{
    "num_channels": 1,
    "fs": 96000.0,
    "Tmax": 60.0,
    "A": 32767.0,
    "f_c": 4240,
    "f_m": 8,
    "B": 0.16666666666666666,
    "n_loops": 147.0,
    "error": 1.5303675828151314e-05
}