{
    "num_channels": 1,
    "fs": 96000.0,
    "Tmax": 60.0,
    "A": 32767.0,
    "f_c": 12000,
    "f_m": 2,
    "B": 0.16666666666666666,
    "n_loops": 1.0,
    "error": 0.0022377448144576704
}